datetime_utc,datetime,metered,xgboost_pred,lightgbm_pred,xgboost_residual_pred,lightgbm_residual_pred,transformer_pred,lstm_pred,moe_transformer_pred,mstnn_pred,transformer_residual_pred,lstm_residual_pred,moe_transformer_residual_pred,mstnn_residual_pred,moe_mstnn_pred,moe_mstnn_residual_pred,moe_lstm_pred,moe_lstm_residual_pred
2026-08-09 04:00:00+00:00,2026-08-09 00:00:00,17898.071,16699.8,16656.9,17509.8,17531.9,16495.8,16312.5,17122.0,16379.0,17097.9,17033.3,16794.3,16821.4,16546.8,16779.7,16502.3,16740.7
2026-08-09 05:00:00+00:00,2026-08-09 01:00:00,17137.242,15975.6,15920.2,16735.3,16873.7,15876.2,15573.3,16502.8,15719.9,16418.4,16389.0,16297.0,16150.1,17053.4,16447.3,15853.9,16185.3
2026-08-09 06:00:00+00:00,2026-08-09 02:00:00,16515.516,15432.6,15428.6,16102.2,16233.6,15336.0,15078.7,15768.9,15186.2,15924.5,15909.4,15707.5,15701.7,15969.6,15812.8,15095.1,15610.4
2026-08-09 07:00:00+00:00,2026-08-09 03:00:00,16104.331,15033.8,15034.3,15677.6,15886.0,14906.4,14731.8,15281.9,14816.2,15599.4,15584.7,15402.4,15391.4,14986.3,15435.1,14607.4,15249.5
2026-08-09 08:00:00+00:00,2026-08-09 04:00:00,15783.918,14923.5,14838.0,15428.4,15551.0,14749.1,14569.6,15241.1,14611.4,15445.8,15478.0,15183.0,15201.2,15234.5,15224.3,14141.0,15019.3
2026-08-09 09:00:00+00:00,2026-08-09 05:00:00,15744.621,15010.9,14791.0,15378.8,15526.2,14830.4,14599.7,15151.4,14789.3,15457.6,15565.4,15131.0,15245.7,15190.3,15287.8,14400.2,14957.7
2026-08-09 10:00:00+00:00,2026-08-09 06:00:00,15714.633,14942.9,14761.7,15393.3,15607.5,15018.9,14919.6,15551.4,15122.3,15545.0,15669.9,15144.2,15261.1,15619.3,15233.4,14992.7,14878.1
2026-08-09 11:00:00+00:00,2026-08-09 07:00:00,16059.293,15379.0,15197.6,15798.3,15967.4,15582.4,15382.1,15297.7,15774.3,15905.0,16068.9,15425.0,15737.3,15573.8,15463.9,14654.7,15289.4
2026-08-09 12:00:00+00:00,2026-08-09 08:00:00,16892.401,16150.8,16227.1,16648.1,16658.6,16221.2,16169.6,16102.0,16564.9,16663.6,16818.3,16137.8,16445.0,16474.9,16372.9,15365.6,16206.3
2026-08-09 13:00:00+00:00,2026-08-09 09:00:00,18037.53,17329.1,17352.0,17794.3,17746.0,17071.3,16961.5,16997.1,17452.4,17568.3,17575.5,17126.2,17348.5,17724.9,17316.4,16437.5,17063.5
2026-08-09 14:00:00+00:00,2026-08-09 10:00:00,19068.591,18215.2,18238.1,18869.5,19005.7,18036.2,17931.7,18110.6,18456.6,18608.1,18716.5,18306.2,18475.9,18286.3,18285.8,17665.0,18161.9
2026-08-09 15:00:00+00:00,2026-08-09 11:00:00,20132.46,19233.0,19333.1,20011.6,19904.3,18890.3,18775.1,19010.7,19229.6,19512.0,19614.8,19157.7,19441.7,19638.1,19180.1,18667.9,19016.6
2026-08-09 16:00:00+00:00,2026-08-09 12:00:00,21091.909,20047.0,20048.4,20968.6,20781.4,19600.2,19507.4,19363.4,20186.7,20354.5,20574.1,20402.1,20324.6,20302.8,20369.5,19908.3,20003.0
2026-08-09 17:00:00+00:00,2026-08-09 13:00:00,21837.216,20579.3,20750.6,21513.7,21443.7,20282.3,20134.9,20109.8,20748.7,21111.5,21318.0,21022.0,21027.0,20925.2,20867.0,20425.9,20723.0
2026-08-09 18:00:00+00:00,2026-08-09 14:00:00,22405.568,21018.9,21158.2,22012.7,21881.2,20724.1,20492.1,20616.7,21203.4,21613.4,21969.1,21706.4,21676.6,21393.7,21371.1,21515.3,21236.2
2026-08-09 19:00:00+00:00,2026-08-09 15:00:00,22906.309,21148.7,21532.4,22310.7,22175.7,21085.3,20783.7,20716.6,21385.9,21926.6,22222.4,21990.9,21967.3,21847.6,21882.1,21724.1,21770.4
2026-08-09 20:00:00+00:00,2026-08-09 16:00:00,23309.378,21352.9,21645.2,22328.8,22342.4,21284.2,21007.6,20801.3,21653.0,22034.0,22404.5,22188.0,22255.4,21991.0,21910.2,21657.8,22034.1
2026-08-09 21:00:00+00:00,2026-08-09 17:00:00,23564.255,21209.2,21566.7,22585.6,22413.9,21293.3,21109.7,20798.5,21844.3,22010.5,22419.3,22269.2,22244.5,21895.9,22015.1,21873.6,22078.5
2026-08-09 22:00:00+00:00,2026-08-09 18:00:00,23492.187,20851.5,21294.2,22460.8,22341.8,21253.5,20843.2,20550.4,21419.7,21830.8,22155.5,21909.2,22111.5,21837.2,21702.7,21151.4,21726.8
2026-08-09 23:00:00+00:00,2026-08-09 19:00:00,22987.515,20371.4,20779.9,21896.9,21882.9,20723.8,20343.5,20043.3,21114.3,21399.7,21649.9,21559.6,21485.5,21122.0,21219.3,20867.2,21178.8
2026-08-10 00:00:00+00:00,2026-08-09 20:00:00,22367.562,20050.0,20317.5,21310.3,21320.1,20186.6,19680.1,19511.4,20470.8,20770.5,21065.0,20836.3,20909.5,20408.8,20769.3,20148.3,20751.6
2026-08-10 01:00:00+00:00,2026-08-09 21:00:00,21457.099,19215.6,19477.2,20436.8,20428.2,19564.5,18992.4,19707.6,19628.3,20017.9,20311.1,19768.7,20135.1,19826.4,19661.6,19264.1,19859.6
2026-08-10 02:00:00+00:00,2026-08-09 22:00:00,20297.133,17883.6,18451.3,19345.3,19344.5,18420.0,17936.7,18740.5,18545.6,19083.4,19239.2,18702.8,19204.8,18605.0,18704.4,17874.6,19013.8
2026-08-10 03:00:00+00:00,2026-08-09 23:00:00,19202.146,17196.1,17546.7,18265.5,18378.1,17471.1,16872.0,17569.8,17479.9,18184.8,18340.3,17832.6,18149.4,17473.1,17768.7,16553.7,18088.3
2026-08-10 04:00:00+00:00,2026-08-10 00:00:00,18199.934,16832.7,16728.5,17764.5,17856.9,16992.1,17012.5,17291.6,16633.4,17569.0,17688.9,17275.7,17211.2,16940.7,17406.7,16770.0,17350.1
2026-08-10 05:00:00+00:00,2026-08-10 01:00:00,17507.297,16127.9,16044.9,17132.8,17147.1,16294.1,16055.2,16850.1,15925.3,16931.1,16977.2,16847.0,16514.5,17260.5,16799.9,16076.1,16819.2
2026-08-10 06:00:00+00:00,2026-08-10 02:00:00,16951.223,15531.8,15633.2,16508.8,16524.7,15651.1,15526.7,16110.8,15315.8,16403.6,16526.6,16234.4,16139.5,16125.0,16297.6,15291.1,16352.8
2026-08-10 07:00:00+00:00,2026-08-10 03:00:00,16569.021,15378.9,15311.3,16348.9,16259.8,15273.8,15155.0,15613.4,14913.5,16080.0,16141.5,16026.0,15852.3,15291.2,15866.0,14880.4,15975.9
2026-08-10 08:00:00+00:00,2026-08-10 04:00:00,16451.01,15371.1,15188.4,16294.5,16418.9,15143.1,15040.4,15739.7,14734.8,16022.7,16158.2,15975.1,15795.6,15531.7,15807.7,14532.8,15838.5
2026-08-10 09:00:00+00:00,2026-08-10 05:00:00,16637.32,15700.0,15522.9,16683.9,16606.6,15376.1,15155.4,15686.0,15049.4,16241.2,16383.6,16023.6,16094.6,15527.2,16046.1,14854.9,15965.6
2026-08-10 10:00:00+00:00,2026-08-10 06:00:00,16970.81,16171.4,15897.3,17178.6,17110.8,15769.0,15714.4,16281.3,15543.9,16552.1,16792.1,16440.2,16458.2,16206.6,16261.4,15647.7,16235.4
2026-08-10 11:00:00+00:00,2026-08-10 07:00:00,17420.826,16806.5,16530.9,17817.3,17723.9,16408.5,16287.1,16150.2,16361.2,17093.7,17343.8,16684.0,17087.2,16160.0,16660.2,15397.0,16907.2
2026-08-10 12:00:00+00:00,2026-08-10 08:00:00,18056.125,17426.8,17230.2,18613.9,18449.7,17089.1,17179.9,16996.4,17228.4,17867.4,18087.3,17519.7,17699.7,17045.6,17609.3,16123.2,17769.8
2026-08-10 13:00:00+00:00,2026-08-10 09:00:00,18937.025,18267.1,18123.5,19505.5,19538.3,18099.2,18062.3,18032.5,18189.2,18794.8,18933.1,18455.2,18610.5,18495.9,18571.1,17517.8,18686.0
2026-08-10 14:00:00+00:00,2026-08-10 10:00:00,19991.652,19225.2,19094.2,20525.3,20629.6,19219.4,19242.8,19276.1,19321.4,19956.2,20187.0,19803.4,19741.0,19398.2,19553.0,18803.0,19915.0
2026-08-10 15:00:00+00:00,2026-08-10 11:00:00,21034.235,20033.8,20174.8,21528.1,21629.0,20183.8,20181.7,20445.2,20198.2,21054.4,21285.1,20704.5,20897.5,20839.5,20759.3,20067.4,20907.1
2026-08-10 16:00:00+00:00,2026-08-10 12:00:00,21883.468,20850.9,20946.7,22113.3,22577.4,21043.6,21090.6,20858.5,21303.7,22033.3,22324.7,21809.6,21923.9,21673.2,21859.8,21316.4,21735.9
2026-08-10 17:00:00+00:00,2026-08-10 13:00:00,22759.66,21476.9,21626.0,22789.6,23239.7,21808.3,21776.0,21532.8,21987.5,22876.9,23282.5,22553.7,22679.8,22428.4,22434.9,22007.8,22500.5
2026-08-10 18:00:00+00:00,2026-08-10 14:00:00,23451.693,21741.2,22014.3,23271.0,23592.8,22363.8,22261.1,22293.9,22508.4,23471.2,23873.6,23311.8,23443.1,22860.6,23052.0,23223.2,23046.4
2026-08-10 19:00:00+00:00,2026-08-10 15:00:00,23683.586,22054.8,22190.7,23391.3,23763.4,22779.0,22579.5,22405.2,22771.5,23769.9,24273.2,23446.2,23692.2,23351.9,23487.4,23503.1,23603.5
2026-08-10 20:00:00+00:00,2026-08-10 16:00:00,23125.087,22061.2,22258.9,23203.7,23904.9,22924.1,22865.7,22482.2,22996.0,23866.6,24311.8,23572.9,23919.5,23524.9,23441.9,23430.6,23805.7
2026-08-10 21:00:00+00:00,2026-08-10 17:00:00,22282.069,22082.8,22146.7,23444.2,23965.3,22899.4,22879.7,22485.8,23224.1,23811.1,24291.8,23562.2,23840.5,23537.0,23429.0,23585.2,23755.3
2026-08-10 22:00:00+00:00,2026-08-10 18:00:00,21479.099,21830.9,21940.0,23452.3,23744.4,22818.8,22496.8,22171.5,22719.4,23523.2,23939.3,23349.4,23635.1,23347.3,23136.5,22717.7,23282.0
2026-08-10 23:00:00+00:00,2026-08-10 19:00:00,20398.358,21335.0,21438.5,23036.1,23292.7,22185.5,22012.9,21522.3,22234.2,22973.3,23331.9,22874.9,22922.4,22608.9,22642.5,22349.7,22692.9
2026-08-11 00:00:00+00:00,2026-08-10 20:00:00,19768.681,20889.6,20901.2,22578.0,22713.4,21563.3,21224.1,20811.9,21683.7,22272.3,22609.1,22025.7,22283.5,21651.4,22147.5,21411.8,22308.0
2026-08-11 01:00:00+00:00,2026-08-10 21:00:00,18894.72,19946.5,19909.0,21642.2,21676.8,20813.2,20307.5,20685.3,20675.6,21313.0,21705.8,21148.2,21390.7,20986.7,21157.8,20424.6,21504.3
2026-08-11 02:00:00+00:00,2026-08-10 22:00:00,17997.507,18657.3,18855.8,20267.5,20356.4,19358.3,19046.1,19643.7,19361.4,20211.7,20445.4,19927.2,20235.2,19593.5,19921.6,18834.8,20410.3
2026-08-11 03:00:00+00:00,2026-08-10 23:00:00,17058.471,17623.7,17827.4,19075.7,19231.2,18289.6,17771.8,18346.6,18067.4,19181.7,19361.1,18797.2,19005.9,18084.7,18945.0,17229.9,19281.0
2026-08-11 04:00:00+00:00,2026-08-11 00:00:00,16245.533,16752.2,16639.5,17956.7,17937.9,17071.4,16992.6,17361.7,16759.2,17907.3,18135.1,17891.5,17718.3,17344.1,17939.8,16660.1,17944.0
2026-08-11 05:00:00+00:00,2026-08-11 01:00:00,15623.121,16072.2,15919.4,17128.6,17248.8,16290.0,16060.6,16920.8,16079.0,17281.7,17472.6,16984.1,17016.1,17450.3,17165.9,16128.3,17332.9
2026-08-11 06:00:00+00:00,2026-08-11 02:00:00,15203.036,15620.4,15461.9,16506.9,16567.1,15657.9,15588.5,16015.2,15479.9,16772.7,16928.4,16425.2,16647.2,16274.0,16713.6,15160.5,16823.9
2026-08-11 07:00:00+00:00,2026-08-11 03:00:00,14995.681,15346.2,15224.9,16266.3,16239.5,15304.4,15225.0,15543.3,15024.7,16371.8,16553.1,16269.6,16339.3,15351.0,16432.6,14968.9,16541.6
2026-08-11 08:00:00+00:00,2026-08-11 04:00:00,15145.906,15358.7,15124.4,16287.6,16352.4,15179.6,15141.7,15686.2,14888.7,16411.3,16593.0,16191.7,16299.4,15583.5,16371.6,14476.1,16377.3
2026-08-11 09:00:00+00:00,2026-08-11 05:00:00,15563.4,15720.5,15393.9,16674.6,16603.6,15438.2,15362.5,15781.3,15222.7,16675.7,16816.9,16529.7,16594.1,15704.6,16728.8,14875.9,16705.9
2026-08-11 10:00:00+00:00,2026-08-11 06:00:00,16031.883,16131.3,15891.3,17164.0,17071.5,15910.2,15984.5,16419.4,15796.8,17146.4,17359.9,16989.7,17094.5,16518.2,16990.8,15692.3,17155.7
2026-08-11 11:00:00+00:00,2026-08-11 07:00:00,16438.108,16778.4,16542.9,17606.1,17637.7,16568.3,16568.8,16458.5,16599.2,17699.3,17926.7,17675.0,17658.0,16685.4,17560.9,15783.8,17759.7
2026-08-11 12:00:00+00:00,2026-08-11 08:00:00,16790.794,17336.2,17165.3,18289.1,18317.8,17271.4,17371.3,17185.1,17429.4,18264.7,18702.5,18485.1,18255.8,17429.3,18316.1,16581.6,18484.1
2026-08-11 13:00:00+00:00,2026-08-11 09:00:00,17383.787,18162.0,18081.9,19245.5,19182.2,18195.6,18171.6,18361.5,18354.9,19125.4,19500.5,19050.9,19031.8,18906.2,19227.3,17938.3,19439.9
2026-08-11 14:00:00+00:00,2026-08-11 10:00:00,18132.814,19023.8,19025.6,20285.7,20309.2,19274.5,19209.6,19369.1,19404.1,20093.9,20510.6,20178.9,20042.3,19811.6,20151.0,18989.9,20460.2
2026-08-11 15:00:00+00:00,2026-08-11 11:00:00,19043.95,19778.9,20064.6,21322.3,21317.2,20210.0,20074.4,20693.9,20314.9,21072.4,21514.6,21160.2,21079.2,21166.0,21135.8,20429.2,21491.6
2026-08-11 16:00:00+00:00,2026-08-11 12:00:00,19858.894,20699.4,20941.4,22189.7,22260.0,21033.2,20927.6,21011.9,21290.8,22024.2,22465.4,22243.8,22008.1,21951.5,22039.7,21442.1,22049.5
2026-08-11 17:00:00+00:00,2026-08-11 13:00:00,20684.546,21353.9,21671.7,22814.0,22951.6,21732.1,21535.3,21560.6,22002.0,22767.3,23260.0,22915.4,22710.5,22653.5,22788.7,22170.3,22885.1
2026-08-11 18:00:00+00:00,2026-08-11 14:00:00,21331.003,21731.0,21988.6,23085.3,23100.3,22198.5,22000.1,22350.6,22472.8,23309.8,23768.3,23532.4,23335.9,23085.2,23265.1,23253.1,23445.2
2026-08-11 19:00:00+00:00,2026-08-11 15:00:00,21744.825,21877.2,22165.7,23287.5,23264.7,22547.1,22250.3,22459.7,22659.3,23498.5,24012.7,23721.4,23509.4,23579.7,23627.4,23463.0,23794.5
2026-08-11 20:00:00+00:00,2026-08-11 16:00:00,22082.683,21862.8,22265.4,23237.2,23396.2,22627.9,22425.2,22308.7,22860.1,23533.6,23995.4,23795.0,23621.4,23582.7,23625.7,23453.0,23865.2
2026-08-11 21:00:00+00:00,2026-08-11 17:00:00,22236.903,21902.1,22130.5,23297.1,23609.8,22498.9,22340.0,22196.3,23006.6,23498.8,23890.4,23873.3,23524.0,23729.3,23603.0,23320.9,23868.8
2026-08-11 22:00:00+00:00,2026-08-11 18:00:00,22130.737,21494.9,21986.7,23236.9,23389.8,22314.6,21987.7,21930.6,22513.1,23095.9,23579.1,23435.0,23305.4,23486.6,23324.0,22512.2,23581.8
2026-08-11 23:00:00+00:00,2026-08-11 19:00:00,21528.413,21022.0,21316.3,22583.3,22809.7,21729.8,21498.8,21397.9,21979.3,22582.5,22980.3,23047.7,22598.4,22665.9,22848.0,22112.1,22974.8
2026-08-12 00:00:00+00:00,2026-08-11 20:00:00,20987.643,20574.5,20727.2,22029.8,22125.0,21114.4,20781.9,20515.9,21449.8,21912.6,22346.9,22338.8,22001.3,21659.4,22206.6,21156.6,22430.1
2026-08-12 01:00:00+00:00,2026-08-11 21:00:00,20041.704,19603.3,19754.3,21140.6,21109.2,20358.2,19854.4,20254.7,20469.6,20978.1,21413.4,21180.2,21147.8,20940.8,21377.5,20297.5,21681.8
2026-08-12 02:00:00+00:00,2026-08-11 22:00:00,18845.9,18284.1,18696.8,19986.4,19893.3,18956.0,18672.4,19222.3,19165.0,19891.7,20244.9,19777.0,19968.3,19801.0,20088.2,18770.6,20495.2
2026-08-12 03:00:00+00:00,2026-08-11 23:00:00,17611.577,17283.2,17551.5,18773.1,18810.9,17886.4,17509.3,17860.8,17910.0,18840.5,19153.4,18619.4,18782.5,18078.1,19059.6,17275.0,19264.2
2026-08-12 04:00:00+00:00,2026-08-12 00:00:00,16738.044,16150.9,16571.7,17382.6,17493.7,16665.4,16229.4,16349.9,16084.3,16599.3,16857.6,16369.7,16391.3,16410.6,16343.2,15900.4,16407.4
2026-08-12 05:00:00+00:00,2026-08-12 01:00:00,16036.841,15565.1,15907.7,16649.0,16796.3,16153.7,15496.3,15810.3,15436.4,16009.4,16241.2,15686.8,15732.1,16585.7,15751.0,15301.4,15997.2
2026-08-12 06:00:00+00:00,2026-08-12 02:00:00,15555.814,15139.2,15334.9,16142.1,16243.2,15631.2,15061.4,15100.9,15010.7,15581.5,15813.5,15153.0,15405.0,15730.7,15354.3,14568.4,15514.3
2026-08-12 07:00:00+00:00,2026-08-12 03:00:00,15290.397,14857.0,15061.1,15832.0,15888.0,15314.9,14765.1,14704.9,14664.6,15207.2,15485.7,14958.7,15180.3,14914.3,15111.3,14273.8,15231.7
2026-08-12 08:00:00+00:00,2026-08-12 04:00:00,15267.257,14906.8,14961.1,15716.9,15850.8,15230.7,14666.2,14913.9,14585.4,15235.1,15494.1,14940.3,15128.1,15008.8,14916.5,13986.6,15155.6
2026-08-12 09:00:00+00:00,2026-08-12 05:00:00,15493.705,15172.5,15288.3,16044.6,16117.6,15530.4,14927.2,14991.7,14938.0,15414.8,15793.3,15136.6,15482.8,15197.9,15194.9,14259.0,15401.3
2026-08-12 10:00:00+00:00,2026-08-12 06:00:00,16067.244,15665.5,15680.6,16517.6,16612.7,15867.8,15460.0,15487.1,15450.6,15902.7,16311.1,15597.9,16072.4,15749.3,15551.9,14911.8,15872.2
2026-08-12 11:00:00+00:00,2026-08-12 07:00:00,16392.218,16258.8,16195.2,16890.6,17123.3,16451.8,15993.3,15702.0,16130.4,16339.9,16815.6,16046.2,16627.9,15966.9,15803.3,15064.4,16184.7
2026-08-12 12:00:00+00:00,2026-08-12 08:00:00,16816.323,16806.5,16859.6,17632.6,17671.4,16929.3,16603.0,16399.4,16700.2,16837.8,17451.7,16577.0,16957.9,16567.7,16453.7,15686.3,16829.4
2026-08-12 13:00:00+00:00,2026-08-12 09:00:00,17492.163,17357.5,17650.1,18436.3,18561.5,17552.6,17241.7,17002.6,17350.9,17563.0,18057.9,17137.2,17493.3,17520.9,17064.5,16665.4,17523.8
2026-08-12 14:00:00+00:00,2026-08-12 10:00:00,18404.147,18246.0,18226.8,19304.5,19527.7,18342.7,18022.1,17948.5,18103.2,18522.0,18932.3,17913.2,18332.6,18127.2,17892.7,17603.3,18425.5
2026-08-12 15:00:00+00:00,2026-08-12 11:00:00,19253.935,19045.7,19214.1,20207.4,20463.6,18985.9,18716.5,18552.2,18709.1,19328.2,19881.7,18642.9,19141.2,19286.7,18567.8,18443.1,19260.7
2026-08-12 16:00:00+00:00,2026-08-12 12:00:00,19964.89,19632.7,19773.4,21070.2,21280.0,19485.1,19329.9,18807.6,19561.9,20219.9,20712.9,19561.9,19930.7,19803.8,19471.5,19509.8,20075.9
2026-08-12 17:00:00+00:00,2026-08-12 13:00:00,20592.47,20176.1,20419.2,21692.6,21874.3,20061.7,19874.1,19468.6,20115.7,20954.1,21462.1,20363.4,20600.4,20497.3,20195.1,20123.0,20861.8
2026-08-12 18:00:00+00:00,2026-08-12 14:00:00,21214.083,20554.3,20850.1,21912.6,22185.3,20438.3,20258.6,19909.0,20577.8,21485.6,22141.3,20885.6,21270.9,20936.4,20748.8,20978.6,21483.8
2026-08-12 19:00:00+00:00,2026-08-12 15:00:00,21718.001,20872.7,21006.2,22259.3,22414.3,20709.1,20464.3,20070.2,20793.3,21716.3,22466.7,21468.0,21593.7,21297.1,21355.8,21295.0,21993.2
2026-08-12 20:00:00+00:00,2026-08-12 16:00:00,22043.055,21201.7,21207.9,22231.4,22411.2,20890.4,20662.5,20077.7,21084.1,21904.2,22500.5,21581.8,21879.3,21592.2,21408.6,21355.6,22220.0
2026-08-12 21:00:00+00:00,2026-08-12 17:00:00,22203.803,21312.6,21242.7,22282.2,22507.6,20933.5,20696.8,20183.0,21314.5,21758.6,22340.4,21638.6,21858.8,21602.6,21574.6,21392.4,22282.8
2026-08-12 22:00:00+00:00,2026-08-12 18:00:00,21981.715,21060.4,21008.0,21975.6,22178.9,20825.5,20409.8,19948.7,20930.7,21470.9,22020.6,21179.4,21558.5,21518.7,21319.4,20759.3,21866.3
2026-08-12 23:00:00+00:00,2026-08-12 19:00:00,21477.002,20626.6,20576.3,21587.0,21481.3,20423.0,19980.2,19520.4,20661.5,20953.2,21481.1,20758.8,20932.6,20816.0,20590.8,20465.0,21294.8
2026-08-13 00:00:00+00:00,2026-08-12 20:00:00,20896.46,20082.9,20093.6,21047.1,20803.4,19951.7,19407.8,18914.7,20110.9,20358.3,20909.3,20228.8,20270.0,20092.5,20135.2,19590.4,20764.0
2026-08-13 01:00:00+00:00,2026-08-12 21:00:00,20019.515,19244.8,19209.4,20172.8,19966.8,19248.6,18668.8,18910.6,19277.9,19617.3,20015.4,19060.1,19513.4,19287.6,18999.4,18620.0,19632.2
2026-08-13 02:00:00+00:00,2026-08-12 22:00:00,18939.296,18105.1,18101.4,18963.3,18861.0,18143.7,17658.4,18050.3,18190.0,18502.2,18889.8,18063.5,18525.5,18330.7,17966.5,17372.3,18639.4
2026-08-13 03:00:00+00:00,2026-08-12 23:00:00,17836.719,16973.1,17057.7,17903.2,17802.9,17206.8,16651.1,16927.4,17122.8,17586.2,17905.8,17070.9,17451.1,17164.9,17033.2,16109.3,17515.7
2026-08-13 04:00:00+00:00,2026-08-13 00:00:00,17006.392,16816.1,16593.4,17149.7,17201.5,16603.2,15663.0,16223.0,16063.8,16793.2,16965.1,16530.8,16456.5,16427.1,16409.4,15454.7,16768.5
2026-08-13 05:00:00+00:00,2026-08-13 01:00:00,16274.876,16167.5,15881.0,16534.4,16567.7,16021.8,14870.3,15706.0,15415.4,16213.0,16331.6,15859.5,15835.6,16507.7,15891.7,15028.5,15999.3
2026-08-13 06:00:00+00:00,2026-08-13 02:00:00,15838.254,15606.8,15398.6,16004.6,15999.4,15441.0,14326.1,14982.2,14881.6,15738.9,15868.6,15379.5,15477.4,15651.5,15422.2,14371.6,15539.4
2026-08-13 07:00:00+00:00,2026-08-13 03:00:00,15646.387,15350.9,15080.0,15677.4,15663.0,15128.9,13997.8,14545.3,14524.8,15398.6,15564.1,15163.3,15224.9,15016.5,15154.4,14057.0,15260.2
2026-08-13 08:00:00+00:00,2026-08-13 04:00:00,15671.987,15210.3,14979.3,15652.8,15724.3,15041.1,13952.7,14858.3,14374.3,15411.9,15540.4,15129.0,15182.9,15021.3,15034.7,13975.0,15201.1
2026-08-13 09:00:00+00:00,2026-08-13 05:00:00,15931.007,15472.2,15432.3,16063.2,16062.8,15306.7,14154.9,14810.8,14706.8,15665.5,15851.7,15397.2,15508.8,15136.3,15326.9,14203.0,15427.4
2026-08-13 10:00:00+00:00,2026-08-13 06:00:00,16339.087,15987.3,15845.1,16535.0,16549.3,15552.0,14666.8,15396.2,15175.5,16071.2,16350.6,15712.9,16064.2,15805.0,15612.4,14908.6,15823.8
2026-08-13 11:00:00+00:00,2026-08-13 07:00:00,16778.556,16612.4,16493.3,17021.6,17118.2,16124.9,15235.2,15551.7,15986.0,16586.1,16821.6,16235.8,16553.4,15986.0,15983.5,14948.5,16325.0
2026-08-13 12:00:00+00:00,2026-08-13 08:00:00,17357.673,17293.5,17221.2,17712.0,17682.7,16731.2,16050.2,16456.0,16723.2,17113.8,17570.7,16822.3,17051.1,16704.9,16767.0,15664.0,17104.5
2026-08-13 13:00:00+00:00,2026-08-13 09:00:00,18184.143,18051.5,17971.0,18584.5,18454.7,17632.1,16907.3,17246.1,17538.6,17962.1,18355.3,17562.6,17824.2,17737.2,17582.5,16946.7,17996.9
2026-08-13 14:00:00+00:00,2026-08-13 10:00:00,19129.541,19058.4,18884.8,19419.2,19428.1,18608.4,17911.3,18384.0,18560.6,19003.8,19410.5,18664.3,18805.6,18695.8,18556.3,17880.9,19082.1
2026-08-13 15:00:00+00:00,2026-08-13 11:00:00,19987.033,19769.5,19767.1,20475.7,20494.0,19472.4,18830.8,19256.3,19346.1,20004.5,20535.0,19529.0,19879.5,20025.4,19537.5,18995.2,20189.9
2026-08-13 16:00:00+00:00,2026-08-13 12:00:00,20869.079,20690.8,20680.0,21581.4,21332.5,20152.8,19665.7,19754.9,20460.9,21047.9,21601.7,20582.2,20880.6,20606.0,20532.9,19860.6,21094.5
2026-08-13 17:00:00+00:00,2026-08-13 13:00:00,21527.978,21308.0,21301.7,22347.7,22211.3,20875.6,20335.7,20385.8,21114.1,21925.9,22486.4,21394.4,21671.6,21367.9,21334.8,20482.4,21943.1
2026-08-13 18:00:00+00:00,2026-08-13 14:00:00,22177.504,21605.0,21776.4,22900.5,22762.1,21408.2,20858.2,21019.8,21604.7,22574.0,23286.8,22084.7,22541.7,21793.9,22023.0,21402.9,22662.8
2026-08-13 19:00:00+00:00,2026-08-13 15:00:00,22758.404,21857.2,21973.0,23469.0,23241.9,21781.8,21147.3,21155.7,21882.2,23002.6,23757.4,22736.0,22889.2,22477.0,22600.0,21637.7,23180.8
2026-08-13 20:00:00+00:00,2026-08-13 16:00:00,23065.866,21939.2,21949.2,23281.6,23204.2,21958.5,21383.2,21154.0,22201.1,23194.2,23877.7,22767.3,23198.9,22816.7,22723.6,21767.5,23355.5
2026-08-13 21:00:00+00:00,2026-08-13 17:00:00,23231.568,21748.5,21807.3,23100.4,23090.3,21886.6,21352.1,21247.7,22424.0,23060.2,23740.0,22909.9,23199.5,22819.5,22815.1,21855.8,23392.1
2026-08-13 22:00:00+00:00,2026-08-13 18:00:00,23159.336,21321.7,21641.2,22967.3,22689.9,21757.9,20971.0,20948.9,21932.0,22683.2,23399.0,22525.1,22905.2,22536.2,22496.9,21237.5,23026.9
2026-08-13 23:00:00+00:00,2026-08-13 19:00:00,22588.647,21006.2,21057.0,22384.0,22127.2,21229.2,20480.6,20439.8,21492.4,22118.8,22734.8,21981.1,22178.1,21781.0,21816.4,20819.6,22297.2
2026-08-14 00:00:00+00:00,2026-08-13 20:00:00,21916.433,20588.3,20494.8,21799.2,21596.1,20704.2,19784.8,19754.8,20910.1,21461.6,22025.6,21317.5,21409.1,21002.7,21361.2,20054.9,21800.3
2026-08-14 01:00:00+00:00,2026-08-13 21:00:00,20945.035,19705.4,19630.4,20872.4,20632.2,19923.1,18953.0,19822.9,20007.2,20507.7,21047.1,20184.0,20568.8,20187.2,20198.7,19199.0,20822.4
2026-08-14 02:00:00+00:00,2026-08-13 22:00:00,19876.508,18509.0,18615.6,19584.1,19472.9,18661.3,17783.6,18799.2,18744.8,19380.7,19821.7,18969.5,19460.0,19036.9,19092.0,17876.5,19706.9
2026-08-14 03:00:00+00:00,2026-08-13 23:00:00,18775.662,17416.2,17618.7,18562.4,18432.9,17690.4,16645.6,17567.2,17534.0,18327.5,18727.2,17847.8,18254.1,17753.5,18047.9,16657.0,18538.4
2026-08-14 04:00:00+00:00,2026-08-14 00:00:00,,16472.5,16173.1,17512.2,17428.4,17039.2,16478.5,17633.9,16596.9,17908.6,18052.3,17804.5,17819.0,17475.9,17750.4,16365.3,18011.7
2026-08-14 05:00:00+00:00,2026-08-14 01:00:00,,15820.8,15547.7,16826.9,16737.2,16421.2,15821.3,17407.1,15978.4,17314.4,17363.2,17070.0,17159.0,17440.0,17269.1,15857.9,17301.3
2026-08-14 06:00:00+00:00,2026-08-14 02:00:00,,15293.0,15048.9,16155.4,16163.9,15926.6,15332.6,16313.2,15516.1,16749.9,16804.3,16559.3,16687.2,16266.8,16745.8,15000.5,16760.5
2026-08-14 07:00:00+00:00,2026-08-14 03:00:00,,15101.5,14829.0,15939.9,15813.2,15602.3,15062.8,15834.9,15071.2,16315.2,16426.7,16296.8,16333.7,15451.3,16339.7,14764.1,16461.7
2026-08-14 08:00:00+00:00,2026-08-14 04:00:00,,15156.2,14850.3,15923.1,15935.7,15502.6,14959.4,15683.2,14963.7,16312.8,16400.6,16207.9,16254.1,15633.7,16264.5,14373.8,16296.5
2026-08-14 09:00:00+00:00,2026-08-14 05:00:00,,15428.9,15329.5,16336.5,16189.8,15742.5,15222.8,15725.6,15321.5,16496.5,16611.0,16405.7,16518.0,15783.9,16644.1,14665.5,16574.3
2026-08-14 10:00:00+00:00,2026-08-14 06:00:00,,15800.0,15768.1,16680.5,16602.4,16087.2,15706.6,16212.0,15767.2,17030.4,17001.3,16697.9,17027.8,16344.4,16770.9,15444.2,16906.5
2026-08-14 11:00:00+00:00,2026-08-14 07:00:00,,16402.1,16262.0,17017.9,17067.0,16649.0,16220.0,16714.5,16442.4,17415.3,17441.9,17124.9,17456.9,16839.0,17037.2,15492.5,17244.3
2026-08-14 12:00:00+00:00,2026-08-14 08:00:00,,16750.0,16685.2,17729.7,17547.0,17226.9,16859.0,17312.0,17109.2,17838.7,18087.8,17672.7,17966.9,17571.0,17750.0,16113.0,17891.9
2026-08-14 13:00:00+00:00,2026-08-14 09:00:00,,17217.0,17152.4,18457.8,18416.0,17863.7,17470.3,18335.7,17796.0,18588.5,18788.6,18218.2,18618.4,18601.0,18449.6,17125.9,18618.9
2026-08-14 14:00:00+00:00,2026-08-14 10:00:00,,17791.9,17667.0,19134.9,19119.0,18659.4,18164.7,19090.9,18590.2,19353.6,19628.1,19074.9,19427.3,19180.0,19087.3,18107.9,19438.8
2026-08-14 15:00:00+00:00,2026-08-14 11:00:00,,17953.5,17786.1,19817.3,19931.8,19312.8,18802.7,19866.0,19204.4,20098.7,20489.3,19699.9,20156.9,20354.9,19671.1,18864.4,20262.5
2026-08-14 16:00:00+00:00,2026-08-14 12:00:00,,18432.1,18470.9,20640.9,20570.2,19851.0,19390.6,19385.0,19976.9,20851.6,21174.7,20036.5,20769.4,20483.1,20028.8,19693.1,20500.1
2026-08-14 17:00:00+00:00,2026-08-14 13:00:00,,18862.7,18844.0,21175.8,21195.6,20352.0,19914.8,19906.2,20487.5,21392.8,21636.8,20530.1,21302.9,20839.0,20681.2,19950.8,21143.7
2026-08-14 18:00:00+00:00,2026-08-14 14:00:00,,19196.8,19174.0,21508.0,21635.4,20698.2,20207.1,20207.4,20752.3,21657.6,22256.1,20980.4,21732.7,21164.1,21130.3,20577.7,21616.5
2026-08-14 19:00:00+00:00,2026-08-14 15:00:00,,19301.5,19289.5,21880.3,22017.5,20923.3,20356.7,20370.2,20954.0,21818.7,22307.7,21479.3,21820.6,21413.5,21542.1,20797.8,22002.3
2026-08-14 20:00:00+00:00,2026-08-14 16:00:00,,19492.8,19456.9,21941.3,22157.2,20994.0,20388.2,20260.4,21096.7,21810.3,22157.9,21312.2,21793.5,21560.6,21442.5,20841.7,21983.2
2026-08-14 21:00:00+00:00,2026-08-14 17:00:00,,19415.0,19452.3,21758.7,21914.8,20965.6,20324.5,20253.8,21213.8,21567.8,21883.0,21420.8,21634.3,21689.9,21467.9,20672.3,21804.1
2026-08-14 22:00:00+00:00,2026-08-14 18:00:00,,18891.9,19087.4,21317.4,21307.3,20810.6,19988.7,19808.6,20898.9,21118.6,21579.1,20952.3,21236.6,21322.8,20962.3,20070.9,21507.2
2026-08-14 23:00:00+00:00,2026-08-14 19:00:00,,18385.9,18397.7,20464.5,20578.8,20384.8,19574.5,19498.5,20600.5,20637.5,20973.6,20487.5,20647.6,20772.1,20379.2,19670.1,20805.2
2026-08-15 00:00:00+00:00,2026-08-14 20:00:00,,17861.7,18026.6,19880.4,19965.4,19912.5,18998.9,19048.1,20055.1,20147.4,20429.2,20007.8,20076.7,20127.2,20025.2,19150.3,20447.9
2026-08-15 01:00:00+00:00,2026-08-14 21:00:00,,17454.5,17558.0,19112.0,19179.7,19269.9,18294.9,19587.8,19251.0,19358.1,19629.2,19215.3,19392.5,19712.9,19106.1,18532.5,19878.2
2026-08-15 02:00:00+00:00,2026-08-14 22:00:00,,16902.9,17057.2,18375.8,18321.9,18318.8,17403.4,18718.2,18252.8,18391.4,18625.4,18317.8,18484.0,18919.2,18303.0,17361.8,18822.2
2026-08-15 03:00:00+00:00,2026-08-14 23:00:00,,16143.9,16213.5,17443.9,17376.0,17433.6,16513.1,17318.2,17197.7,17481.3,17791.2,17394.0,17481.0,17392.7,17337.2,16153.7,17797.9
2026-08-15 04:00:00+00:00,2026-08-15 00:00:00,,16530.3,16290.3,17375.0,17265.5,16516.2,15799.8,16687.1,16214.4,16829.5,17098.4,16873.2,16579.9,16641.7,16618.5,15866.2,17037.0
2026-08-15 05:00:00+00:00,2026-08-15 01:00:00,,16015.1,15704.3,16694.0,16590.1,15987.0,15154.4,16107.1,15598.9,16221.5,16462.4,16289.3,15930.3,16705.2,16228.5,15382.0,16441.7
2026-08-15 06:00:00+00:00,2026-08-15 02:00:00,,15572.3,15266.6,16171.5,16103.5,15466.1,14684.0,15313.6,15132.8,15709.2,15893.6,15811.7,15456.6,15758.7,15806.7,14684.9,15922.1
2026-08-15 07:00:00+00:00,2026-08-15 03:00:00,,15238.3,14983.3,15854.3,15640.8,15103.4,14358.5,14910.8,14804.5,15301.0,15595.9,15521.4,15146.8,15040.5,15325.0,14384.6,15634.8
2026-08-15 08:00:00+00:00,2026-08-15 04:00:00,,15136.8,14756.0,15565.0,15387.7,14984.0,14197.6,14902.8,14609.5,15249.1,15465.1,15328.7,15007.3,15010.4,15208.0,14084.0,15367.2
2026-08-15 09:00:00+00:00,2026-08-15 05:00:00,,15155.7,14898.3,15441.2,15322.4,14947.8,14256.2,14951.0,14836.9,15242.9,15473.8,15170.7,14976.1,15116.6,15362.4,14296.3,15331.5
2026-08-15 10:00:00+00:00,2026-08-15 06:00:00,,15272.3,14924.0,15467.0,15397.7,14936.1,14502.1,15166.2,15174.4,15378.5,15588.3,15146.3,15081.5,15466.6,15223.2,14750.2,15417.5
2026-08-15 11:00:00+00:00,2026-08-15 07:00:00,,15594.4,15265.3,15741.0,15673.9,15381.8,14922.7,15482.4,15808.4,15681.9,15903.6,15497.5,15373.2,15647.8,15282.9,14618.4,15593.4
2026-08-15 12:00:00+00:00,2026-08-15 08:00:00,,16242.1,16052.5,16437.2,16250.5,16059.3,15663.0,16249.0,16484.7,16245.6,16614.3,16094.4,15989.4,16593.7,16062.7,15299.0,16422.5
2026-08-15 13:00:00+00:00,2026-08-15 09:00:00,,16929.7,16902.6,17319.8,17178.4,16804.0,16375.8,16957.3,17234.3,17024.0,17380.5,16919.7,16771.0,17645.1,16793.4,16275.2,17325.5
2026-08-15 14:00:00+00:00,2026-08-15 10:00:00,,17488.2,17592.3,18211.7,18269.1,17666.9,17186.7,18006.5,18073.7,17954.9,18358.5,17934.3,17753.1,18305.1,17666.4,17340.0,18345.4
2026-08-15 15:00:00+00:00,2026-08-15 11:00:00,,18391.0,18264.4,19362.5,19396.8,18459.5,17915.8,18709.4,18742.9,18760.9,19296.8,18753.9,18616.7,19599.5,18490.4,18093.7,19299.6
2026-08-15 16:00:00+00:00,2026-08-15 12:00:00,,19113.8,18961.8,20413.5,20450.1,18977.1,18576.7,18805.4,19641.0,19642.5,20255.7,19650.0,19376.0,19803.7,19328.0,19210.3,20169.5
2026-08-15 17:00:00+00:00,2026-08-15 13:00:00,,19736.1,19693.8,21121.5,21188.6,19617.1,19130.0,19369.6,20128.1,20325.7,20881.9,20297.0,20123.4,20415.1,20055.5,19725.8,20886.8
2026-08-15 18:00:00+00:00,2026-08-15 14:00:00,,20135.7,20148.5,21556.8,21715.9,20012.5,19461.4,19959.0,20594.5,20865.2,21585.0,20894.8,20772.0,20972.3,20708.6,20555.9,21586.6
2026-08-15 19:00:00+00:00,2026-08-15 15:00:00,,20496.3,20446.5,22191.1,22299.2,20359.7,19790.2,20166.7,20788.0,21309.0,21970.3,21439.7,21249.6,21369.5,21218.7,20711.7,22062.2
2026-08-15 20:00:00+00:00,2026-08-15 16:00:00,,20679.9,20572.4,22138.5,22468.0,20554.9,20048.2,20258.8,21044.3,21505.4,22182.2,21509.2,21542.3,21664.3,21379.6,20941.1,22294.5
2026-08-15 21:00:00+00:00,2026-08-15 17:00:00,,20385.4,20357.6,22041.2,22217.5,20511.8,20113.5,20345.3,21210.7,21463.0,21998.4,21752.2,21581.8,21792.0,21585.1,20979.6,22295.1
2026-08-15 22:00:00+00:00,2026-08-15 18:00:00,,19872.5,20036.6,21724.9,21887.8,20448.6,19918.8,20041.2,20883.6,21260.0,21854.9,21377.5,21398.5,21713.7,21362.5,20375.0,22106.1
2026-08-15 23:00:00+00:00,2026-08-15 19:00:00,,19333.5,19505.6,21177.6,21222.2,20054.5,19448.4,19696.5,20581.6,20719.5,21263.9,20884.7,20795.0,21125.8,20766.6,20052.8,21431.0
2026-08-16 00:00:00+00:00,2026-08-15 20:00:00,,18997.4,19052.3,20677.5,20570.6,19593.5,18859.2,19019.8,20046.1,20156.6,20727.2,20301.8,20217.7,20251.5,20235.2,19459.3,20877.2
2026-08-16 01:00:00+00:00,2026-08-15 21:00:00,,18225.9,18409.8,19771.8,19775.3,18942.2,18183.5,19526.0,19258.0,19318.9,19861.8,19545.0,19426.3,19835.3,19233.1,18530.1,20087.0
2026-08-16 02:00:00+00:00,2026-08-15 22:00:00,,17436.6,17765.2,18892.1,18918.1,18105.2,17258.5,18495.8,18249.0,18407.9,18915.2,18578.4,18541.3,18702.1,18421.4,17492.1,19133.8
2026-08-16 03:00:00+00:00,2026-08-15 23:00:00,,16557.1,16865.7,17967.6,17945.1,17213.6,16315.0,17224.9,17194.0,17531.7,17946.6,17535.5,17540.1,17502.5,17514.8,16289.6,18113.2
2026-08-16 04:00:00+00:00,2026-08-16 00:00:00,,16488.8,16219.0,17379.1,17170.0,16217.2,15910.9,16401.6,16087.6,16526.9,16637.5,16343.1,16380.8,16407.0,16260.3,15733.5,16469.2
2026-08-16 05:00:00+00:00,2026-08-16 01:00:00,,15968.7,15561.0,16600.2,16439.3,15773.1,15223.3,15674.8,15470.0,15897.1,15975.3,15822.6,15711.5,16544.5,15923.1,15311.9,15906.9
2026-08-16 06:00:00+00:00,2026-08-16 02:00:00,,15410.4,15126.7,16027.6,16013.6,15241.3,14756.9,14952.5,15046.5,15410.1,15531.6,15322.6,15249.0,15633.0,15468.8,14607.0,15372.5
2026-08-16 07:00:00+00:00,2026-08-16 03:00:00,,14926.5,14796.4,15672.6,15592.7,14879.1,14414.3,14597.3,14702.6,15019.3,15255.2,15021.9,14968.2,14934.7,15042.6,14381.8,15061.0
2026-08-16 08:00:00+00:00,2026-08-16 04:00:00,,14756.7,14617.9,15320.2,15286.7,14804.7,14274.5,14648.1,14494.4,14964.0,15141.2,14938.4,14817.7,14939.0,14960.7,14047.1,14888.5
2026-08-16 09:00:00+00:00,2026-08-16 05:00:00,,14897.7,14751.0,15165.8,15278.3,14805.3,14333.6,14674.0,14695.2,14990.8,15165.9,14900.2,14800.8,15035.8,15106.2,14343.1,14858.2
2026-08-16 10:00:00+00:00,2026-08-16 06:00:00,,14889.0,14776.5,15240.7,15401.6,14818.0,14557.1,15110.9,14922.7,15074.3,15211.9,14997.0,14810.3,15537.5,14996.5,14819.4,14931.5
2026-08-16 11:00:00+00:00,2026-08-16 07:00:00,,15266.7,15128.6,15527.8,15666.9,15234.1,14996.9,15225.6,15511.1,15363.1,15468.2,15369.8,15100.2,15525.0,15124.3,14620.2,15188.1
2026-08-16 12:00:00+00:00,2026-08-16 08:00:00,,15920.2,15920.5,16215.9,16235.0,15841.2,15756.0,15992.7,16184.6,15945.3,16126.7,15756.4,15669.1,16364.0,15743.8,15410.1,15922.6
2026-08-16 13:00:00+00:00,2026-08-16 09:00:00,,16792.6,16882.1,17329.4,17181.8,16540.1,16453.0,16591.2,16927.5,16701.9,16868.0,16662.9,16421.7,17385.8,16392.0,16355.8,16676.6
2026-08-16 14:00:00+00:00,2026-08-16 10:00:00,,17494.3,17646.0,18222.8,18091.6,17344.6,17320.7,17700.7,17765.1,17580.1,17833.5,17489.6,17330.1,18024.4,17313.1,17482.6,17624.9
2026-08-16 15:00:00+00:00,2026-08-16 11:00:00,,18519.7,18523.5,18962.6,18894.7,18070.4,18044.3,18536.1,18358.8,18300.0,18726.0,18326.1,18090.4,19382.2,18043.9,18231.9,18423.4
2026-08-16 16:00:00+00:00,2026-08-16 12:00:00,,19152.9,19164.6,19627.4,19606.3,18566.8,18766.1,18741.0,19282.8,19076.8,19549.1,19059.6,18793.7,19435.8,19050.1,19291.9,19368.3
2026-08-16 17:00:00+00:00,2026-08-16 13:00:00,,19757.9,19775.8,20333.3,20204.5,19213.2,19315.0,19209.3,19739.3,19705.0,20201.1,19667.1,19441.8,20032.8,19677.6,19745.8,20007.7
2026-08-16 18:00:00+00:00,2026-08-16 14:00:00,,20088.2,20310.8,20834.3,20830.1,19583.3,19668.2,19784.2,20180.7,20183.6,20790.2,20215.5,20063.4,20643.1,20301.6,20704.2,20611.2
2026-08-16 19:00:00+00:00,2026-08-16 15:00:00,,20483.4,20693.7,21411.4,21224.7,20060.8,19989.9,19854.1,20415.8,20669.6,21247.5,20770.4,20602.3,21031.7,20867.7,20840.9,21064.1
2026-08-16 20:00:00+00:00,2026-08-16 16:00:00,,20703.6,20852.3,21543.7,21482.3,20282.1,20315.6,19924.7,20656.7,20936.5,21625.8,20993.0,21011.7,21301.4,21172.0,20904.9,21447.9
2026-08-16 21:00:00+00:00,2026-08-16 17:00:00,,20706.6,20832.9,21567.6,21646.9,20348.0,20407.2,20062.4,20840.9,21004.2,21639.1,21174.5,21132.0,21413.3,21331.8,21061.1,21617.8
2026-08-16 22:00:00+00:00,2026-08-16 18:00:00,,20553.6,20584.6,21386.5,21531.7,20373.7,20190.3,19686.9,20542.3,20886.2,21580.8,20894.4,21075.5,21336.2,21260.7,20489.0,21400.6
2026-08-16 23:00:00+00:00,2026-08-16 19:00:00,,20029.3,20077.1,20806.1,20869.0,19972.2,19749.7,19352.1,20279.5,20336.2,20951.6,20359.8,20496.2,20678.9,20616.2,20176.3,20766.7
2026-08-17 00:00:00+00:00,2026-08-16 20:00:00,,19550.2,19697.2,20224.2,20302.1,19557.3,19128.9,18800.0,19702.4,19780.4,20507.0,19814.3,19949.6,19996.7,20096.8,19587.8,20199.6
2026-08-17 01:00:00+00:00,2026-08-16 21:00:00,,18651.8,18887.4,19346.1,19482.0,18925.2,18428.1,19190.8,19000.7,19013.5,19572.5,18990.6,19147.0,19562.6,18898.6,18640.0,19378.0
2026-08-17 02:00:00+00:00,2026-08-16 22:00:00,,17754.5,17991.1,18296.2,18442.4,18019.9,17451.8,18116.0,18041.0,18121.7,18643.9,18001.9,18289.4,18447.4,18096.6,17569.2,18431.9
2026-08-17 03:00:00+00:00,2026-08-16 23:00:00,,16700.4,17031.0,17380.8,17547.9,17222.9,16486.4,16919.9,17051.4,17239.1,17666.4,17110.0,17318.8,17298.2,17131.7,16380.9,17496.3
2026-08-17 04:00:00+00:00,2026-08-17 00:00:00,,16560.6,16514.1,16748.5,16863.8,16542.2,16043.5,16151.0,16227.7,16621.9,16807.1,16688.9,16764.7,16547.3,16596.4,15564.4,17014.5
2026-08-17 05:00:00+00:00,2026-08-17 01:00:00,,15823.5,15780.7,16102.7,16227.9,15950.2,15210.1,15179.7,15566.6,16008.8,16181.4,15692.6,16098.1,16143.6,15738.2,14900.7,15758.1
2026-08-17 06:00:00+00:00,2026-08-17 02:00:00,,15225.3,15358.7,15781.8,15851.0,15277.6,14606.7,14519.7,15021.2,15518.0,15686.8,15229.7,15672.6,15363.2,15380.1,14153.7,15314.6
2026-08-17 07:00:00+00:00,2026-08-17 03:00:00,,14917.0,14991.0,15588.2,15493.9,14979.2,14256.3,14092.6,14653.8,15160.1,15395.3,15168.9,15433.7,14827.0,15022.4,14093.7,15117.3
2026-08-17 08:00:00+00:00,2026-08-17 04:00:00,,14896.9,14816.6,15554.9,15559.1,14905.3,14217.5,14326.5,14464.0,15216.0,15410.2,15200.1,15369.5,14773.5,15182.2,13892.2,15081.4
2026-08-17 09:00:00+00:00,2026-08-17 05:00:00,,15161.0,15123.1,15907.7,15873.0,15067.5,14363.8,14456.0,14822.7,15484.7,15647.8,15506.6,15603.0,15077.2,15474.1,14166.3,15466.1
2026-08-17 10:00:00+00:00,2026-08-17 06:00:00,,15629.4,15626.7,16414.8,16424.7,15282.2,14866.9,14907.7,15324.2,15880.9,16102.2,15941.6,16123.0,15720.6,15769.7,14770.0,15858.2
2026-08-17 11:00:00+00:00,2026-08-17 07:00:00,,16138.8,16187.5,16732.5,16798.8,15822.8,15439.1,15398.9,16054.8,16356.1,16501.4,16491.0,16404.7,15952.8,16131.4,15186.9,16320.9
2026-08-17 12:00:00+00:00,2026-08-17 08:00:00,,16986.8,16988.4,17251.5,17189.6,16607.3,16383.9,16580.4,16922.7,16788.3,17149.7,17186.5,17013.4,16788.5,16793.7,15969.3,16958.5
2026-08-17 13:00:00+00:00,2026-08-17 09:00:00,,18017.1,17929.1,17893.6,17839.4,17646.1,17298.7,17432.8,17813.0,17613.8,17940.2,17986.5,17818.7,18027.9,17666.7,17536.9,18034.9
2026-08-17 14:00:00+00:00,2026-08-17 10:00:00,,18829.6,18785.7,18759.4,18815.5,18718.9,18406.8,18535.5,18888.9,18649.8,19029.8,19260.5,18823.9,19215.2,18706.4,18455.6,19060.0
2026-08-17 15:00:00+00:00,2026-08-17 11:00:00,,19720.7,19649.7,19841.3,19800.4,19688.5,19407.0,19819.7,19830.6,19595.8,20066.1,20277.9,19860.6,20430.5,19714.4,20005.5,20336.8
2026-08-17 16:00:00+00:00,2026-08-17 12:00:00,,20654.9,20463.1,20611.4,20544.0,20520.1,20366.9,20471.8,20911.2,20532.0,21035.6,21399.4,20767.0,21297.6,20772.4,20862.4,21286.4
2026-08-17 17:00:00+00:00,2026-08-17 13:00:00,,21163.3,21131.4,21289.4,21127.4,21343.7,21093.7,21038.6,21685.1,21297.2,21708.1,22100.9,21456.5,21994.3,21503.8,21618.7,21954.8
2026-08-17 18:00:00+00:00,2026-08-17 14:00:00,,21454.1,21412.0,21689.7,21501.3,21850.0,21609.1,21833.3,22154.8,21902.2,22439.1,22620.2,22188.8,22567.3,22171.1,22614.4,22624.2
2026-08-17 19:00:00+00:00,2026-08-17 15:00:00,,21731.9,21595.3,22287.0,22129.4,22332.2,21965.9,22128.7,22550.2,22433.9,22973.1,23227.8,22687.3,23027.0,22635.3,22854.5,23099.7
2026-08-17 20:00:00+00:00,2026-08-17 16:00:00,,21734.3,21524.5,22532.1,22468.3,22504.1,22202.4,22203.0,22837.1,22822.5,23297.7,23442.5,23035.8,23296.6,23023.8,23025.2,23392.9
2026-08-17 21:00:00+00:00,2026-08-17 17:00:00,,21442.7,21169.4,22560.8,22490.5,22413.3,22154.4,22167.5,22899.3,22802.5,23280.3,23475.4,23077.2,23648.6,23034.6,23076.3,23419.8
2026-08-17 22:00:00+00:00,2026-08-17 18:00:00,,21151.3,20790.3,22423.1,22218.5,22268.0,21724.6,21980.1,22510.6,22508.8,23129.2,23225.4,22901.8,23360.6,22926.3,22428.4,23251.8
2026-08-17 23:00:00+00:00,2026-08-17 19:00:00,,20673.4,20450.8,21943.6,21579.7,21653.7,21232.8,21382.3,22020.8,21932.0,22369.9,22493.1,22221.2,22590.9,22304.6,21930.4,22607.7
2026-08-18 00:00:00+00:00,2026-08-17 20:00:00,,20221.0,19894.9,21316.3,20934.7,21073.2,20469.0,20603.6,21383.2,21290.6,21769.2,21932.9,21530.7,21738.1,21705.6,21164.2,22006.8
2026-08-18 01:00:00+00:00,2026-08-17 21:00:00,,19378.0,19098.6,20201.0,19978.5,20260.5,19523.4,20642.4,20374.5,20310.9,20716.4,20787.4,20693.1,20959.0,20571.4,20381.8,20939.7
2026-08-18 02:00:00+00:00,2026-08-17 22:00:00,,18229.8,18311.0,19051.5,18902.1,18955.1,18313.7,19239.5,19041.3,19182.0,19618.6,19597.2,19504.6,19581.3,19383.0,18964.3,19856.8
2026-08-18 03:00:00+00:00,2026-08-17 23:00:00,,17238.4,17299.7,17895.9,17888.4,17965.2,17097.7,18018.9,17799.1,18139.9,18504.5,18398.0,18399.1,18040.1,18390.0,17644.6,18642.1
2026-08-18 04:00:00+00:00,2026-08-18 00:00:00,,16652.4,16424.2,17281.7,17216.0,16842.1,16553.7,16909.8,16437.5,17170.8,17387.0,17096.0,17089.5,16957.2,17061.6,16247.7,17088.2
2026-08-18 05:00:00+00:00,2026-08-18 01:00:00,,16119.9,15742.3,16565.3,16502.0,16207.9,15767.8,16630.2,15756.1,16548.0,16692.9,16443.8,16365.5,17040.1,16406.7,15593.1,16502.6
2026-08-18 06:00:00+00:00,2026-08-18 02:00:00,,15512.8,15171.7,16065.6,15944.4,15656.7,15281.4,15622.5,15203.0,16074.8,16211.3,15814.7,15995.3,16081.4,15949.4,14778.3,16059.1
2026-08-18 07:00:00+00:00,2026-08-18 03:00:00,,15125.1,14967.2,15836.0,15668.0,15332.2,14961.3,15130.8,14815.8,15751.0,15894.0,15644.3,15750.2,15124.6,15618.3,14536.3,15775.0
2026-08-18 08:00:00+00:00,2026-08-18 04:00:00,,15204.3,14962.4,15756.6,15835.8,15229.6,14858.0,15231.5,14674.3,15762.1,15944.9,15665.7,15736.6,15329.7,15713.1,14160.4,15649.5
2026-08-18 09:00:00+00:00,2026-08-18 05:00:00,,15574.5,15309.1,16195.8,16133.4,15533.4,15092.3,15459.5,15074.6,16019.4,16188.4,15972.7,16024.9,15567.5,16039.4,14481.2,16063.7
2026-08-18 10:00:00+00:00,2026-08-18 06:00:00,,15907.3,15730.1,16746.1,16639.4,15996.5,15573.3,15961.3,15604.4,16502.2,16732.6,16455.0,16609.9,16293.9,16416.7,15156.9,16476.1
2026-08-18 11:00:00+00:00,2026-08-18 07:00:00,,16463.7,16327.8,17084.9,17100.4,16568.6,16108.4,16070.4,16321.0,16930.4,17170.0,16766.7,17009.5,16454.0,16687.9,15484.3,16865.4
2026-08-18 12:00:00+00:00,2026-08-18 08:00:00,,17131.2,16857.4,17602.3,17436.4,17106.3,16825.8,16763.8,17070.9,17353.3,17697.4,17264.3,17419.8,17124.1,17248.7,16111.0,17414.6
2026-08-18 13:00:00+00:00,2026-08-18 09:00:00,,17596.2,17668.7,18187.7,18214.8,17858.7,17568.1,17553.4,17843.6,17980.7,18340.9,17780.6,18031.1,18225.3,17876.0,17232.8,18129.4
2026-08-18 14:00:00+00:00,2026-08-18 10:00:00,,18290.8,18340.2,18941.2,19177.2,18739.4,18457.4,18460.9,18747.0,18893.8,19245.4,18601.1,18873.8,19020.0,18660.2,18164.5,19000.3
2026-08-18 15:00:00+00:00,2026-08-18 11:00:00,,19126.3,19143.1,20092.9,20044.7,19463.4,19254.6,19465.8,19477.5,19663.1,20064.9,19323.7,19650.7,20067.4,19347.7,19249.5,19913.7
2026-08-18 16:00:00+00:00,2026-08-18 12:00:00,,19884.5,19733.4,20842.5,20874.9,20125.7,19976.0,19710.4,20394.2,20320.0,20777.3,19933.0,20340.6,20644.5,19965.9,20053.6,20385.0
2026-08-18 17:00:00+00:00,2026-08-18 13:00:00,,20584.1,20469.1,21382.0,21472.8,20749.8,20531.7,20422.5,21024.6,20883.2,21359.4,20614.7,20871.4,21179.5,20608.4,20668.9,21051.6
2026-08-18 18:00:00+00:00,2026-08-18 14:00:00,,21007.6,20952.2,21632.4,21677.9,21168.6,20971.5,20717.1,21409.9,21290.2,21873.2,21066.6,21468.5,21656.0,21088.9,21610.8,21623.9
2026-08-18 19:00:00+00:00,2026-08-18 15:00:00,,21352.4,21140.1,22135.7,22179.4,21432.2,21148.1,21082.5,21728.3,21679.6,22283.7,21771.5,21871.5,22073.0,21706.3,21723.0,22214.7
2026-08-18 20:00:00+00:00,2026-08-18 16:00:00,,21382.9,21185.3,22300.2,22365.7,21594.4,21264.4,21020.4,21902.9,21988.6,22502.4,22032.0,22264.3,22315.2,22067.9,21814.9,22467.2
2026-08-18 21:00:00+00:00,2026-08-18 17:00:00,,21274.9,21036.7,22499.2,22556.1,21581.3,21225.8,20982.3,22047.2,21987.9,22574.0,22186.5,22302.0,22401.0,22237.0,21793.4,22612.6
2026-08-18 22:00:00+00:00,2026-08-18 18:00:00,,20902.0,20762.9,22308.8,22232.9,21463.0,20885.0,20731.4,21661.3,21797.6,22315.2,21929.9,22133.0,22150.7,21924.8,21220.3,22371.0
2026-08-18 23:00:00+00:00,2026-08-18 19:00:00,,20329.6,20320.9,21854.9,21687.9,20943.9,20440.6,20158.7,21269.3,21303.5,21693.4,21362.0,21491.9,21428.8,21349.6,20737.1,21763.2
2026-08-19 00:00:00+00:00,2026-08-18 20:00:00,,19928.9,19863.4,21296.8,21054.1,20384.1,19821.2,19720.9,20658.1,20712.0,21189.7,20731.6,20844.7,20862.0,20931.8,20117.3,21214.0
2026-08-19 01:00:00+00:00,2026-08-18 21:00:00,,19012.4,18968.2,20280.7,20077.1,19752.4,19016.1,19648.8,19736.4,19874.6,20222.2,19648.7,20056.9,20143.5,19836.7,19420.2,20389.5
2026-08-19 02:00:00+00:00,2026-08-18 22:00:00,,17951.4,18019.5,19024.0,19012.4,18496.0,17955.7,18661.5,18585.2,18754.3,19068.5,18578.0,18949.7,19090.9,18690.9,18029.1,19243.3
2026-08-19 03:00:00+00:00,2026-08-18 23:00:00,,16886.3,17017.5,17749.1,17815.4,17548.2,16909.4,17412.3,17420.1,17779.7,18036.7,17502.5,17861.9,17624.1,17596.6,16743.8,18076.9
